node,start_step,duration_steps,flow_m3h,start,end,delivered_m3
n656,4171,63,9.93,2018-01-15 11:35:00,2018-01-15 16:50:00,52.13
n496,10964,26,13.17,2018-02-08 01:40:00,2018-02-08 03:50:00,28.54
n457,19754,55,6.62,2018-03-10 14:10:00,2018-03-10 18:45:00,30.34
n624,20175,35,6.19,2018-03-12 01:15:00,2018-03-12 04:10:00,18.05
n13,33452,33,6.16,2018-04-27 03:40:00,2018-04-27 06:25:00,16.94
n418,39450,45,12.26,2018-05-17 23:30:00,2018-05-18 03:15:00,45.98
n667,41839,16,6.98,2018-05-26 06:35:00,2018-05-26 07:55:00,9.31
n271,46857,20,11.88,2018-06-12 16:45:00,2018-06-12 18:25:00,19.8
n212,47089,41,10.4,2018-06-13 12:05:00,2018-06-13 15:30:00,35.53
n515,48799,59,13.39,2018-06-19 10:35:00,2018-06-19 15:30:00,65.83
n740,52650,66,6.55,2018-07-02 19:30:00,2018-07-03 01:00:00,29.47
n293,74673,13,14.12,2018-09-17 06:45:00,2018-09-17 07:50:00,15.3
n203,77368,60,13.82,2018-09-26 15:20:00,2018-09-26 20:20:00,69.1
n219,82849,32,11.48,2018-10-15 16:05:00,2018-10-15 18:45:00,30.61
n22,87752,24,5.67,2018-11-01 16:40:00,2018-11-01 18:40:00,6.64
n118,93099,57,5.39,2018-11-20 06:15:00,2018-11-20 11:00:00,25.6
n366,96310,46,5.23,2018-12-01 09:50:00,2018-12-01 13:40:00,11.33
n152,97218,65,10.31,2018-12-04 13:30:00,2018-12-04 18:55:00,55.85
n2,100312,22,5.88,2018-12-15 07:20:00,2018-12-15 09:10:00,10.78
n415,105777,46,8.15,2019-01-03 06:45:00,2019-01-03 10:35:00,31.24
n743,106951,72,14.94,2019-01-07 08:35:00,2019-01-07 14:35:00,89.64
n6,110360,61,7.52,2019-01-19 04:40:00,2019-01-19 09:45:00,38.23
n376,116366,44,14.77,2019-02-09 01:10:00,2019-02-09 04:50:00,54.16
n676,119000,36,7.27,2019-02-18 04:40:00,2019-02-18 07:40:00,21.81
n700,121085,30,10.21,2019-02-25 10:25:00,2019-02-25 12:55:00,25.53
n486,127470,46,12.42,2019-03-19 14:30:00,2019-03-19 18:20:00,47.61
n495,133513,24,14.26,2019-04-09 14:05:00,2019-04-09 16:05:00,28.52
n677,133927,57,7.0,2019-04-11 00:35:00,2019-04-11 05:20:00,33.25
n384,144420,66,12.16,2019-05-17 11:00:00,2019-05-17 16:30:00,66.88
n93,155363,69,13.27,2019-06-24 10:55:00,2019-06-24 16:40:00,76.3
n283,155391,29,11.23,2019-06-24 13:15:00,2019-06-24 15:40:00,27.14
n562,157750,46,8.28,2019-07-02 17:50:00,2019-07-02 21:40:00,31.74
n622,158701,18,7.58,2019-07-06 01:05:00,2019-07-06 02:35:00,11.37
n218,166410,68,6.2,2019-08-01 19:30:00,2019-08-02 01:10:00,35.13
n107,179200,13,8.43,2019-09-15 05:20:00,2019-09-15 06:25:00,9.13
n587,198518,40,5.55,2019-11-21 07:10:00,2019-11-21 10:30:00,18.5
n779,198873,33,11.75,2019-11-22 12:45:00,2019-11-22 15:30:00,32.31
n451,199396,15,6.8,2019-11-24 08:20:00,2019-11-24 09:35:00,8.5
n678,207709,41,12.48,2019-12-23 05:05:00,2019-12-23 08:30:00,42.64
n766,207981,43,13.16,2019-12-24 03:45:00,2019-12-24 07:20:00,47.16
