pipe,time,leak,distance,score,kind
p806,2019-01-04 20:00:00,p810,188.064,47104.13333333333,TP
p797,2019-01-19 00:00:00,p810,289.29769999999996,0.0,repeat
p797,2019-01-26 03:00:00,p810,289.29769999999996,0.0,repeat
p846,2019-02-04 05:00:00,p827,247.69389999999999,-22.483233333333317,TP
p784,2019-02-14 17:00:00,p810,232.50330000000002,0.0,repeat
p797,2019-02-21 20:00:00,p810,289.29769999999996,0.0,repeat
p784,2019-02-28 19:00:00,p810,232.50330000000002,0.0,repeat
p806,2019-03-30 00:00:00,p810,188.064,0.0,repeat
p784,2019-04-05 18:00:00,p810,232.50330000000002,0.0,repeat
p797,2019-04-12 20:00:00,p810,289.29769999999996,0.0,repeat
p784,2019-04-19 23:00:00,p810,232.50330000000002,0.0,repeat
p784,2019-04-25 19:00:00,p810,232.50330000000002,0.0,repeat
p784,2019-05-02 18:00:00,p810,232.50330000000002,0.0,repeat
p784,2019-05-10 17:00:00,p810,232.50330000000002,0.0,repeat
p797,2019-05-16 20:00:00,p810,289.29769999999996,0.0,repeat
p784,2019-05-23 17:00:00,p810,232.50330000000002,0.0,repeat
p784,2019-06-06 17:00:00,p810,232.50330000000002,0.0,repeat
p784,2019-06-13 17:00:00,p810,232.50330000000002,0.0,repeat
p54,2019-06-20 18:00:00,,,-500.0,FP
p54,2019-06-27 19:00:00,,,-500.0,FP
p784,2019-07-04 16:00:00,p810,232.50330000000002,0.0,repeat
p784,2019-07-11 17:00:00,p810,232.50330000000002,0.0,repeat
p54,2019-07-18 18:00:00,,,-500.0,FP
p319,2019-07-19 00:00:00,,,-500.0,FP
p760,2019-07-25 18:00:00,,,-500.0,FP
p797,2019-08-02 00:00:00,p810,289.29769999999996,0.0,repeat
p784,2019-08-08 18:00:00,p810,232.50330000000002,0.0,repeat
p807,2019-08-15 16:00:00,p810,141.0458,0.0,repeat
p319,2019-08-29 20:00:00,,,-500.0,FP
p797,2019-08-30 22:00:00,p810,289.29769999999996,0.0,repeat
p797,2019-09-05 20:00:00,p810,289.29769999999996,0.0,repeat
p194,2019-09-09 08:00:00,p193,81.48695000000001,2997.2310833333336,TP
p808,2019-09-13 18:00:00,p810,94.0276,0.0,repeat
p194,2019-09-16 08:00:00,p193,81.48695000000001,0.0,repeat
p806,2019-09-21 00:00:00,p810,188.064,0.0,repeat
p194,2019-09-23 08:00:00,p193,81.48695000000001,0.0,repeat
p807,2019-09-27 20:00:00,p810,141.0458,0.0,repeat
p194,2019-09-30 08:00:00,p193,81.48695000000001,0.0,repeat
p769,2019-10-04 20:00:00,,,-500.0,FP
p784,2019-10-19 01:00:00,p810,232.50330000000002,0.0,repeat
p784,2019-10-24 17:00:00,p810,232.50330000000002,0.0,repeat
p889,2019-10-28 08:00:00,p193,176.45715,0.0,repeat
p889,2019-11-04 08:00:00,p193,176.45715,0.0,repeat
p797,2019-11-08 00:00:00,p762,195.05205,1728.0697166666669,TP
p194,2019-11-11 08:00:00,p193,81.48695000000001,0.0,repeat
p54,2019-11-14 18:00:00,p762,163.03285,0.0,repeat
p194,2019-11-18 08:00:00,p193,81.48695000000001,0.0,repeat
p319,2019-11-21 20:00:00,,,-500.0,FP
p194,2019-11-25 08:00:00,p193,81.48695000000001,0.0,repeat
p797,2019-11-28 22:00:00,p762,195.05205,0.0,repeat
p194,2019-12-02 08:00:00,p193,81.48695000000001,0.0,repeat
p759,2019-12-07 01:00:00,p762,292.54775,0.0,repeat
p194,2019-12-09 07:00:00,p193,81.48695000000001,0.0,repeat
p784,2019-12-12 15:00:00,p810,232.50330000000002,0.0,repeat
p194,2019-12-16 07:00:00,p193,81.48695000000001,0.0,repeat
p751,2019-12-20 16:00:00,p762,101.74020000000002,0.0,repeat
p194,2019-12-23 07:00:00,p193,81.48695000000001,0.0,repeat
p211,2019-12-27 23:00:00,p762,142.82935,0.0,repeat
p889,2019-12-30 07:00:00,p193,176.45715,0.0,repeat
